Category,Question
Emotional,What makes you feel truly happy and content?
Emotional,Can you describe a time when you felt really proud of yourself or someone else?
Emotional,What's something that inspires or motivates you in your daily life?
Emotional,How do you cope with stress or difficult situations?
Emotional,Can you recall a moment that touched you emotionally such as an act of kindness or special event?
Emotional,What's a memory that always brings a smile to your face?
Emotional,Can you describe a time when you felt a strong sense of community or belonging?
Emotional,What's a decision or choice you made that you feel really good about?
Emotional,Can you recall a time when you were moved to tears either joyfully or sadly?
Emotional,How do you feel when you accomplish a goal or overcome a challenge?
Emotional,What's something that makes you feel nostalgic or sentimental?
Emotional,How do you react when you hear good news?
Emotional,What's a lesson you've learned that you feel grateful for?
Emotional,Can you describe a moment when you felt a strong connection with someone?
Emotional,What's a place or setting that makes you feel calm and peaceful?
Emotional,Can you describe an event that changed your perspective on life?
Emotional,What's a song or piece of music that evokes strong emotions in you?
Emotional,How do you feel when you're surrounded by nature?
Emotional,What's something you're deeply grateful for in your life?
Emotional,Can you describe a time when you felt courageous?
Emotional,What's a book or movie that touched your heart?
Emotional,How do you feel when you reconnect with an old friend?
Emotional,What's a simple pleasure that brings you joy?
Emotional,Can you recall a time when you felt at peace with yourself?
Emotional,What's something that fills you with awe or wonder?
Hypotheticals,If you could have dinner with any historical figure who would it be and why?
Hypotheticals,How would you react if you won the lottery tomorrow?
Hypotheticals,If you were given the opportunity to travel to space would you take it?
Hypotheticals,If you could change one law what would it be and why?
Hypotheticals,What would you do if you were the president or leader of your country for a day?
Hypotheticals,If you could live in any era of history when would it be?
Hypotheticals,How would you react if you discovered a hidden talent?
Hypotheticals,If you were given the chance to write a book what would it be about?
Hypotheticals,What would you do if you had the ability to time travel?
Hypotheticals,If you could work in any profession for a week what would you choose?
Hypotheticals,How would you handle being famous for a day?
Hypotheticals,What would you do if you were stranded on a desert island?
Hypotheticals,If you could donate a million dollars to any cause what would it be?
Hypotheticals,What would you do if you were invisible for a day?
Hypotheticals,How would you spend a day with your all-time hero?
Hypotheticals,If you could create a new holiday what would it be?
Hypotheticals,What would you do if you found an abandoned suitcase full of money?
Hypotheticals,How would you handle being the CEO of a large company for a month?
Hypotheticals,If you could live in any fictional universe where would you choose?
Hypotheticals,What would you do if you encountered an alien species?
Hypotheticals,If you could change one event in history what would it be?
Hypotheticals,How would you spend your time if you had a year off work?
Hypotheticals,What would you do if you discovered a new island?
Hypotheticals,If you could ask one question to a future version of yourself would it be?
Hypotheticals,How would you act if you were a superhero for a day?
Personal,What is your favorite genre of music and why?
Personal,How do you like to spend your weekends?
Personal,What's your preferred way to stay informed about current events?
Personal,Do you have a favorite travel destination?
Personal,Which hobbies or activities bring you the most joy?
Personal,Do you have any favorite authors or books?
Personal,What's your favorite season of the year and why?
Personal,What's your preferred method of communication with friends and family?
Personal,How do you usually choose the restaurants you dine at?
Personal,What are your favorite and least favorite types of cuisine?
Personal,What's your favorite way to relax after a hard day?
Personal,Do you have a favorite sport or physical activity?
Personal,What types of movies or shows do you enjoy most?
Personal,How do you feel about social media and do you have a favourite platform?
Personal,What's your preferred method of transportation for daily commuting?
Personal,What kind of art or cultural activities do you appreciate most?
Personal,What's your favorite holiday and how do you usually celebrate it?
Personal,Do you have a favorite piece of technology or gadget?
Personal,What types of volunteer or community activities do you enjoy or respect?
Personal,How do you prefer to spend your time with friends?
Personal,Do you prefer city life or country living?
Personal,What's your favorite type of weather and why?
Personal,How do you feel about pets and do you have any favourites?
Personal,What's your favorite way to stay physically active?
Personal,How do you usually celebrate your birthday?
Personal,Do you have a preferred style of clothing or fashion?
Personal,What's your go-to comfort food?
Personal,Do you prefer to travel alone or with others?
Personal,How do you feel about environmental conservation?
Personal,What's your favorite thing about your hometown?